<?xml version="1.0" ?>
<odoo>
  

    <!-- Sequences for Overtime-->
     <record id="seq_overtime" model="ir.sequence">
            <field name="name">Employee Overtime</field>
            <field name="code">employee.overtime.sequence</field>
            <field name="prefix">NO/%(month)s/</field>
            <field name="padding">5</field>
            <field name="company_id" eval="False"/>
        </record>


    <!-- Sequences for Overtime month-->
     <record id="seq_overtime_month" model="ir.sequence">
            <field name="name">Employee Overtime Month</field>
            <field name="code">overtime.month.sequence</field>
            <field name="prefix">OT/%(month)s/</field>
            <field name="padding">5</field>
            <field name="company_id" eval="False"/>
        </record>

   


</odoo>
