id,name,model_id:id,group_id:id,perm_read,perm_write,perm_create,perm_unlink
access_overtime_request_collecting,overtime.request.collecting,model_overtime_request_collecting,hr.group_hr_manager,1,1,1,1
access_overtime_request_collecting_line,overtime.request.collecting.line,model_overtime_request_collecting_line,hr.group_hr_manager,1,1,1,1
access_overtime_request,overtime.request,model_overtime_request,hr.group_hr_manager,1,1,1,1
access_employee_overtime,employee.overtime,model_employee_overtime,hr.group_hr_manager,1,1,1,1
access_overtime_line,overtime.line,model_overtime_line,hr.group_hr_manager,1,1,1,1
access_hr_overtime_month,hr.overtime.month,model_hr_overtime_month,hr.group_hr_manager,1,1,1,1
access_overtime_wizard,overtime.wizard,model_overtime_wizard,hr.group_hr_manager,1,1,1,1
