id,name,model_id:id,group_id:id,perm_read,perm_write,perm_create,perm_unlink
access_sale_payment_team_manager,payment.term,model_payment_term,sales_team.group_sale_manager,1,1,1,1
access_sale_material_manager,product.material,model_product_material,sales_team.group_sale_manager,1,1,1,1
access_sale_customers_manager,customers,model_customers,sales_team.group_sale_manager,1,1,1,1
access_sale_mail_manager,activity,model_activity,sales_team.group_sale_manager,1,1,1,1
access_sale_mail_sale_man,activity,model_activity,sales_team.group_sale_salesman,1,1,1,1
access_sale_mail_sale_lead,activity,model_activity,sales_team.group_sale_salesman_all_leads,1,1,1,1
access_sale_payment_tearm_manager,account.payment.term,model_account_payment_term,sales_team.group_sale_manager,1,0,0,0
access_sale_payment_tearm_account,account.payment.term,model_account_payment_term,account.group_account_invoice,1,0,0,0
access_sale_person,sale.person.pdf,model_sale_person_pdf,sales_team.group_sale_manager,1,1,1,1
access_sale_visit_purpose,visit.purpose,model_visit_purpose,sales_team.group_sale_manager,1,1,1,1
access_sale_discount_matrix_line,discount.matrix.line,model_discount_matrix_line,sales_team.group_sale_manager,1,1,1,1
access_sale_discount_matrix,discount.matrix,model_discount_matrix,sales_team.group_sale_manager,1,1,1,1
access_sale_visit_purpose_salesman,visit.purpose,model_visit_purpose,sales_team.group_sale_salesman,1,1,1,1
access_sale_discount_matrix_line_salesman,discount.matrix.line,model_discount_matrix_line,sales_team.group_sale_salesman,1,1,1,1
access_sale_discount_matrix_salesman,discount.matrix,model_discount_matrix,sales_team.group_sale_salesman,1,1,1,1
access_sale_order_line_salesman,sale.order.line,model_sale_order_line,sales_team.group_sale_salesman,1,1,1,1
access_sale_model_manager,device.model,model_device_model,sales_team.group_sale_manager,1,1,1,1
access_sale_model_salesman,device.model,model_device_model,sales_team.group_sale_salesman,1,1,1,1
access_sale_product_material,product.material,model_product_material,sales_team.group_sale_salesman,1,1,1,1
access_sale_mail_manager_line,activity.line,model_activity_line,sales_team.group_sale_manager,1,1,1,1
access_sale_mail_sale_man_line,activity.line,model_activity_line,sales_team.group_sale_salesman,1,1,1,1
access_sale_mail_sale_lead_line,activity.line,model_activity_line,sales_team.group_sale_salesman_all_leads,1,1,1,1
crm.access_res_partner,res.partner.crm.user,base.model_res_partner,sales_team.group_sale_salesman,1,1,0,0
purchase.access_res_partner_purchase_manager,res.partner.purchase.manager,base.model_res_partner,purchase.group_purchase_manager,1,1,0,0
sale.access_res_partner_sale_manager,res.partner.sale.manager,base.model_res_partner,sales_team.group_sale_manager,1,1,0,0
purchase.access_product_group_res_partner_purchase_manager,res_partner group_purchase_manager,base.model_res_partner,purchase.group_purchase_manager,1,1,0,0
sale.access_product_group_res_partner_sale_manager,res_partner group_sale_manager,base.model_res_partner,sales_team.group_sale_manager,1,1,0,0
stock.access_product_group_res_partner_stock_manager,res_partner group_stock_manager,base.model_res_partner,stock.group_stock_manager,1,1,0,0
hr_recruitment.access_res_partner_hr_user,res.partner.user,base.model_res_partner,hr_recruitment.group_hr_recruitment_user,1,1,0,0
crm.access_ress_partner,res.partner.crm.user,base.model_res_partner,sales_team.group_sale_salesman,1,1,0,0
sale.access_sale_order,sale.order,model_sale_order,sales_team.group_sale_salesman,1,1,1,1
access_product_genset_model_manager,product_genset,model_product_genset,sales_team.group_sale_manager,1,1,1,1
access_product_genset_model_salesman,product_genset,model_product_genset,sales_team.group_sale_salesman,1,1,0,0
access_product_genset_all,product_genset,model_product_genset,sales_team.group_sale_salesman,1,1,0,0
access_res_partner_customer_creation,res.partner.customer.creation,base.model_res_partner,is_samasu_sale_13.customer_creation_group,1,1,1,1

access_product_sprice_list_own,product.price.list,model_product_price_list_special,sales_team.group_sale_salesman,1,1,0,0
access_product_sprice_list_manager,product.price.list,model_product_price_list_special,sales_team.group_sale_manager,1,1,1,1
access_product_sprice_list_all,product.price.list,model_product_price_list_special,sales_team.group_sale_salesman_all_leads,1,1,1,1

access_product_slineprice_list_own,product.price.list.line,model_product_price_list_line,sales_team.group_sale_salesman,1,1,0,0
access_product_slineprice_list_manager,product.price.list.line,model_product_price_list_line,sales_team.group_sale_manager,1,1,1,1
access_product_slineprice_list_all,product.price.list.line,model_product_price_list_line,sales_team.group_sale_salesman_all_leads,1,1,1,1

access_crm_lead_line_samasu_own,crm_lead_line_samasu,model_crm_lead_line_samasu,sales_team.group_sale_salesman,1,1,0,0
access_crm_lead_line_samasu_manager,crm_lead_line_samasu,model_crm_lead_line_samasu,sales_team.group_sale_manager,1,1,1,1
access_crm_lead_line_samasu_all,crm_lead_line_samasu,model_crm_lead_line_samasu,sales_team.group_sale_salesman_all_leads,1,1,1,1

access_partner_sector_samasu_own,partner_sector,model_partner_sector,sales_team.group_sale_salesman,1,1,0,0
access_partner_sector_samasu_manager,partner_sector,model_partner_sector,sales_team.group_sale_manager,1,1,1,1
access_partner_sector_samasu_all,partner_sector,model_partner_sector,sales_team.group_sale_salesman_all_leads,1,1,1,1

access_inventory_account_move1,account_move,account.model_account_move,stock.group_stock_manager,1,0,0,0
access_inventory_account_move2,account_move,account.model_account_move,stock.group_stock_user,1,0,0,0
