<?xml version="1.0" encoding="utf-8"?>
<odoo>
    <!--    Groups -->
    <record id="customer_creation_group" model="res.groups">
        <field name="name">Customer Creation</field>
    </record>
    <!-- confirm sale order -->
    <record id="confirm_sale_orser_group" model="res.groups">
        <field name="name">Sale Order Confirmation</field>
    </record>
    <!-- record rule -->
    <record id="sale_order_line_manager_rule" model="ir.rule">
        <field name="name">G.M</field>
        <field ref="sale.model_sale_order_line" name="model_id"/>
        <field name="domain_force">[(1,'=',1)]</field>
        <field name="groups" eval="[(4, ref('is_accounting_approval_13.general_manager_access_group'))]"/>
    </record>

    <record id="sale_order_manager_rule" model="ir.rule">
        <field name="name">Sales Managers</field>
        <field ref="sale.model_sale_order" name="model_id"/>
        <field name="domain_force">['|',('team_id.account_managers','in',user.id),('user_id','=',False)]</field>
        <field name="groups" eval="[(4, ref('sales_team.group_sale_manager'))]"/>
    </record>

    <record id="sale.sale_order_personal_rule" model="ir.rule">
        <field name="name">Personal Orders</field>
        <field ref="sale.model_sale_order" name="model_id"/>
        <field name="domain_force">['|',('team_id.member_ids','in',user.id),('user_id','=',False)]</field>
        <field name="groups" eval="[(4, ref('sales_team.group_sale_salesman'))]"/>
    </record>

    <record id="sale.sale_order_see_all" model="ir.rule">
        <field name="name">All Orders</field>
        <field ref="sale.model_sale_order" name="model_id"/>
        <field name="domain_force">['|',('team_id.user_id','=',user.id),('user_id','=',False)]</field>
        <field name="groups" eval="[(4, ref('sales_team.group_sale_salesman_all_leads'))]"/>
    </record>

    <record id="sale_order_line_manager_rule" model="ir.rule">
        <field name="name">Sales Managers</field>
        <field ref="sale.model_sale_order_line" name="model_id"/>
        <field name="domain_force">['|',('order_id.team_id.account_managers','in',user.id),('order_id.user_id','=',False)]</field>
        <field name="groups" eval="[(4, ref('sales_team.group_sale_manager'))]"/>
    </record>

    <record id="sale.sale_order_line_personal_rule" model="ir.rule">
        <field name="name">Personal Order Lines</field>
        <field ref="sale.model_sale_order_line" name="model_id"/>
        <field name="domain_force">['|',('order_id.team_id.member_ids','in',user.id),('order_id.user_id','=',False)]</field>
        <field name="groups" eval="[(4, ref('sales_team.group_sale_salesman'))]"/>
    </record>

    <record id="sale.sale_order_line_see_all" model="ir.rule">
        <field name="name">All Orders Lines</field>
        <field ref="sale.model_sale_order_line" name="model_id"/>
        <field name="domain_force">['|',('order_id.team_id.user_id','=',user.id),('order_id.user_id','=',False)]</field>
        <field name="groups" eval="[(4, ref('sales_team.group_sale_salesman_all_leads'))]"/>
    </record>

    <!-- Invoices -->
    <record id="sale_order_invoice_manager_rule" model="ir.rule">
        <field name="name">Sales Managers</field>
        <field ref="account.model_account_move" name="model_id"/>
        <field name="domain_force">['|',('team_id.account_managers','in',user.id),('user_id','=',False)]</field>
        <field name="groups" eval="[(4, ref('sales_team.group_sale_manager'))]"/>
    </record>
    <record id="sale_order_invoice_personal_move_rule" model="ir.rule">
        <field name="name">Personal Orders</field>
        <field ref="account.model_account_move" name="model_id"/>
        <field name="domain_force">['|',('team_id.member_ids','in',user.id),('user_id','=',False)]</field>
        <field name="groups" eval="[(4, ref('sales_team.group_sale_salesman')),(4, ref('sales_team.group_sale_salesman'))]"/>
    </record>
    <record id="sale_order_invoice_all_move_rule" model="ir.rule">
        <field name="name">All Orders</field>
        <field ref="account.model_account_move" name="model_id"/>
        <field name="domain_force">['|',('team_id.user_id','=',user.id),('user_id','=',False)]</field>
        <field name="groups" eval="[(4, ref('sales_team.group_sale_salesman_all_leads'))]"/>
    </record>

    <record id="sale_order_invoice_line_manager_rule" model="ir.rule">
        <field name="name">Sales Managers</field>
        <field ref="account.model_account_move_line" name="model_id"/>
        <field name="domain_force">['|',('move_id.team_id.account_managers','in',user.id),('move_id.user_id','=',False)]</field>
        <field name="groups" eval="[(4, ref('sales_team.group_sale_manager'))]"/>
    </record>
    <record id="sale_order_invoice_line_personal_move_rule" model="ir.rule">
        <field name="name">Personal Orders</field>
        <field ref="account.model_account_move_line" name="model_id"/>
        <field name="domain_force">['|',('move_id.team_id.member_ids','in',user.id),('move_id.user_id','=',False)]</field>
        <field name="groups" eval="[(4, ref('sales_team.group_sale_salesman')),(4, ref('sales_team.group_sale_salesman'))]"/>
    </record>
    <record id="sale_order_invoice_line_all_move_rule" model="ir.rule">
        <field name="name">All Orders</field>
        <field ref="account.model_account_move_line" name="model_id"/>
        <field name="domain_force">['|',('move_id.team_id.user_id','=',user.id),('move_id.user_id','=',False)]</field>
        <field name="groups" eval="[(4, ref('sales_team.group_sale_salesman_all_leads'))]"/>
    </record>
    <!--    Products-->
    <record id="product_template_manager_rule" model="ir.rule">
        <field name="name">Sales Managers</field>
        <field ref="product.model_product_template" name="model_id"/>
        <field name="domain_force">['|',('team_id.account_managers','in',user.id),('team_id','=',False)]</field>
        <field name="groups" eval="[(4, ref('sales_team.group_sale_manager'))]"/>
    </record>
    <record id="product_template_personal_move_rule" model="ir.rule">
        <field name="name">Personal Orders</field>
        <field ref="product.model_product_template" name="model_id"/>
        <field name="domain_force">['|',('team_id.member_ids','in',user.id),('team_id','=',False)]</field>
        <field name="groups" eval="[(4, ref('sales_team.group_sale_salesman')),(4, ref('sales_team.group_sale_salesman'))]"/>
    </record>
    <record id="product_template_all_move_rule" model="ir.rule">
        <field name="name">All Orders</field>
        <field ref="product.model_product_template" name="model_id"/>
        <field name="domain_force">['|',('team_id.user_id','=',user.id),('team_id','=',False)]</field>
        <field name="groups" eval="[(4, ref('sales_team.group_sale_salesman_all_leads'))]"/>
    </record>

    <record id="product_product_manager_rule" model="ir.rule">
        <field name="name">Sales Managers</field>
        <field ref="product.model_product_product" name="model_id"/>
        <field name="domain_force">['|',('team_id.account_managers','in',user.id),('team_id','=',False)]</field>
        <field name="groups" eval="[(4, ref('sales_team.group_sale_manager'))]"/>
    </record>
    <record id="product_product_personal_move_rule" model="ir.rule">
        <field name="name">Personal Orders</field>
        <field ref="product.model_product_product" name="model_id"/>
        <field name="domain_force">['|',('team_id.member_ids','in',user.id),('team_id','=',False)]</field>
        <field name="groups" eval="[(4, ref('sales_team.group_sale_salesman')),(4, ref('sales_team.group_sale_salesman'))]"/>
    </record>
    <record id="product_product_line_all_move_rule" model="ir.rule">
        <field name="name">All Orders</field>
        <field ref="product.model_product_product" name="model_id"/>
        <field name="domain_force">['|',('team_id.user_id','=',user.id),('team_id','=',False)]</field>
        <field name="groups" eval="[(4, ref('sales_team.group_sale_salesman_all_leads'))]"/>
    </record>
    <!--    <record id="sale_request_user_activity_rule" model="ir.rule">-->
    <!--        <field name="name">Activity</field>-->
    <!--        <field name="model_id" ref="model_activity"/>-->
    <!--        <field name="domain_force">['|',('user_id','=',user.id),('engineer_id','=',user.id)]</field>-->
    <!--        <field name="groups" eval="[(4,ref('sales_team.group_sale_salesman')),(4,ref('sales_team.group_sale_salesman')),(4,ref('sales_team.group_sale_salesman_all_leads'))]"/>-->
    <!--    </record>-->

    <!--    Stock Quant-->
    <record id="stock_quant_manager_rule" model="ir.rule">
        <field name="name">Sales Managers</field>
        <field ref="stock.model_stock_quant" name="model_id"/>
        <field name="domain_force">['|',('product_id.team_id.account_managers','in',user.id),('product_id.team_id','=',False)]</field>
        <field name="groups" eval="[(4, ref('sales_team.group_sale_manager'))]"/>
    </record>
    <record id="stock_quant_personal_move_rule" model="ir.rule">
        <field name="name">Personal Orders</field>
        <field ref="stock.model_stock_quant" name="model_id"/>
        <field name="domain_force">['|',('product_id.team_id.member_ids','in',user.id),('product_id.team_id','=',False)]</field>
        <field name="groups" eval="[(4, ref('sales_team.group_sale_salesman')),(4, ref('sales_team.group_sale_salesman'))]"/>
    </record>
    <record id="stock_quant_all_move_rule" model="ir.rule">
        <field name="name">All Orders</field>
        <field ref="stock.model_stock_quant" name="model_id"/>
        <field name="domain_force">['|',('product_id.team_id.user_id','=',user.id),('product_id.team_id','=',False)]</field>
        <field name="groups" eval="[(4, ref('sales_team.group_sale_salesman_all_leads'))]"/>
    </record>
    <!--    ################################### -->
    <record id="activity_gm_rule" model="ir.rule">
        <field name="name">G.M</field>
        <field ref="is_samasu_sale_13.model_activity" name="model_id"/>
        <field name="domain_force">[(1,'=',1)]</field>
        <field name="groups" eval="[(4, ref('is_accounting_approval_13.general_manager_access_group'))]"/>
    </record>
    <record id="activity_sale_manager_rule" model="ir.rule">
        <field name="name">Sales Managers</field>
        <field ref="is_samasu_sale_13.model_activity" name="model_id"/>
        <field name="domain_force">['|',('team_id.account_managers','in',user.id),('user_id','=',False)]</field>
        <field name="groups" eval="[(4, ref('sales_team.group_sale_manager'))]"/>
    </record>
    <record id="activity_sale_personal_rule" model="ir.rule">
        <field name="name">Personal Orders</field>
        <field ref="is_samasu_sale_13.model_activity" name="model_id"/>
        <field name="domain_force">['|',('user_id','=',user.id),('engineer_id','=',user.id)]</field>
        <field name="groups" eval="[(4, ref('sales_team.group_sale_salesman'))]"/>
    </record>
    <record id="activity_see_all" model="ir.rule">
        <field name="name">All Orders</field>
        <field ref="is_samasu_sale_13.model_activity" name="model_id"/>
        <field name="domain_force">['|',('team_id.user_id','=',user.id),('user_id','=',False)]</field>
        <field name="groups" eval="[(4, ref('sales_team.group_sale_salesman_all_leads'))]"/>
    </record>
    <!--    ################################ -->
    <record id="activity_line_gm_manager_rule" model="ir.rule">
        <field name="name">G.M</field>
        <field ref="is_samasu_sale_13.model_activity_line" name="model_id"/>
        <field name="domain_force">[(1,'=',1)]</field>
        <field name="groups" eval="[(4, ref('is_accounting_approval_13.general_manager_access_group'))]"/>
    </record>
    <record id="activity_line_manager_rule" model="ir.rule">
        <field name="name">Sales Managers</field>
        <field ref="is_samasu_sale_13.model_activity_line" name="model_id"/>
        <field name="domain_force">['|',('line_id.team_id.account_managers','in',user.id),('line_id.user_id','=',False)]</field>
        <field name="groups" eval="[(4, ref('sales_team.group_sale_manager'))]"/>
    </record>
    <record id="activity_line_personal_rule" model="ir.rule">
        <field name="name">Personal Order Lines</field>
        <field ref="is_samasu_sale_13.model_activity_line" name="model_id"/>
        <field name="domain_force">['|',('line_id.user_id','=',user.id),('line_id.engineer_id','=',user.id)]</field>
        <field name="groups" eval="[(4, ref('sales_team.group_sale_salesman'))]"/>
    </record>
    <record id="activity_line_see_all" model="ir.rule">
        <field name="name">All Orders Lines</field>
        <field ref="is_samasu_sale_13.model_activity_line" name="model_id"/>
        <field name="domain_force">['|',('line_id.team_id.user_id','=',user.id),('line_id.user_id','=',False)]</field>
        <field name="groups" eval="[(4, ref('sales_team.group_sale_salesman_all_leads'))]"/>
    </record>
    <!--  CRM Record rule  -->
    <record id="crm_gm_rule" model="ir.rule">
        <field name="name">G.M</field>
        <field ref="crm.model_crm_lead" name="model_id"/>
        <field name="domain_force">[(1,'=',1)]</field>
        <field name="groups" eval="[(4, ref('is_accounting_approval_13.general_manager_access_group'))]"/>
    </record>

    <record id="crm_manager_rule" model="ir.rule">
        <field name="name">Sales Managers</field>
        <field ref="crm.model_crm_lead" name="model_id"/>
        <field name="domain_force">['|',('team_id.account_managers','in',user.id),('user_id','=',False)]</field>
        <field name="groups" eval="[(4, ref('sales_team.group_sale_manager'))]"/>
    </record>

    <record id="crm_lead_personal_rule" model="ir.rule">
        <field name="name">Personal Orders</field>
        <field ref="crm.model_crm_lead" name="model_id"/>
        <field name="domain_force">['|',('team_id.member_ids','in',user.id),('user_id','=',False)]</field>
        <field name="groups" eval="[(4, ref('sales_team.group_sale_salesman'))]"/>
    </record>

    <record id="crm_lead_see_all" model="ir.rule">
        <field name="name">All Orders</field>
        <field ref="crm.model_crm_lead" name="model_id"/>
        <field name="domain_force">['|',('team_id.user_id','=',user.id),('user_id','=',False)]</field>
        <field name="groups" eval="[(4, ref('sales_team.group_sale_salesman_all_leads'))]"/>
    </record>
</odoo>
