<?xml version="1.0" encoding="utf-8"?>
<odoo>
	<data noupdate="0">
<!--		<record id="product_scheduled_actions_record" model="ir.cron">-->
<!--			<field name="name">Product Average Cost</field>-->
<!--			<field name="model_id" ref="is_penotee_sale.model_product_template"/>-->
<!--			<field name="user_id">1</field>-->
<!--			<field name="state">code</field>-->
<!--			<field name="code">model.compute_average_cost()</field>-->
<!--			<field name="interval_number">1</field>-->
<!--			<field name="interval_type">days</field>-->
<!--			<field name="numbercall">-1</field>-->
<!--			<field name="priority">5</field>-->
<!--		</record>-->
		<record id="activity_scheduled_actions_record" model="ir.cron">
			<field name="name">Activity Type</field>
			<field name="model_id" ref="is_samasu_sale_13.model_activity"/>
			<field name="user_id">1</field>
			<field name="state">code</field>
			<field name="code">model.compute_mail_activity()</field>
			<field name="interval_number">1</field>
			<field name="interval_type">days</field>
			<field name="numbercall">-1</field>
			<field name="priority">5</field>
		</record>
		<record id="sale_activity" model="mail.activity.type">
            <field name="name">Sale</field>
            <field name="icon">fa-check-circle</field>
            <field name="sequence">5</field>
        </record>



	</data>
</odoo>
